control,test
860.71028,1106.9977
860.71028,1108.82489
