control,test
0.10463,0.11357
0.10468,0.1136
